[
  {
    "inputs": [],
    "name": "getLength",
    "outputs": [
      {
        "internalType": "uint256",
        "name": "",
        "type": "uint256"
      }
    ],
    "stateMutability": "view",
    "type": "function"
  },
  {
    "inputs": [
      {
        "internalType": "uint256",
        "name": "i",
        "type": "uint256"
      }
    ],
    "name": "getWinnerAtLocation",
    "outputs": [
      {
        "internalType": "uint256",
        "name": "",
        "type": "uint256"
      }
    ],
    "stateMutability": "view",
    "type": "function"
  },
  {
    "inputs": [],
    "name": "getWinners",
    "outputs": [
      {
        "internalType": "uint256[]",
        "name": "",
        "type": "uint256[]"
      }
    ],
    "stateMutability": "view",
    "type": "function"
  },
  {
    "inputs": [
      {
        "internalType": "uint256",
        "name": "_numberOfKittens",
        "type": "uint256"
      }
    ],
    "name": "initiateCheckWinner",
    "outputs": [],
    "stateMutability": "nonpayable",
    "type": "function"
  }
]
