[
  {
    "anonymous": false,
    "inputs": [
      {
        "indexed": true,
        "internalType": "address",
        "name": "previousOwner",
        "type": "address"
      },
      {
        "indexed": true,
        "internalType": "address",
        "name": "newOwner",
        "type": "address"
      }
    ],
    "name": "OwnershipTransferred",
    "type": "event"
  },
  {
    "anonymous": false,
    "inputs": [
      {
        "indexed": false,
        "internalType": "bool",
        "name": "rewardsClaimed",
        "type": "bool"
      },
      {
        "indexed": false,
        "internalType": "uint256",
        "name": "rewardTokenBalance",
        "type": "uint256"
      }
    ],
    "name": "RewardsClaimed",
    "type": "event"
  },
  {
    "anonymous": false,
    "inputs": [
      {
        "indexed": false,
        "internalType": "uint256",
        "name": "lpTokens",
        "type": "uint256"
      }
    ],
    "name": "YieldClaimed",
    "type": "event"
  },
  {
    "anonymous": false,
    "inputs": [
      {
        "indexed": false,
        "internalType": "uint256",
        "name": "lpTokens",
        "type": "uint256"
      },
      {
        "indexed": false,
        "internalType": "uint256",
        "name": "sellTokens",
        "type": "uint256"
      }
    ],
    "name": "YieldCreated",
    "type": "event"
  },
  {
    "inputs": [],
    "name": "AaveContract",
    "outputs": [
      {
        "internalType": "address payable",
        "name": "",
        "type": "address"
      }
    ],
    "stateMutability": "view",
    "type": "function"
  },
  {
    "inputs": [],
    "name": "AaveRewardContract",
    "outputs": [
      {
        "internalType": "address payable",
        "name": "",
        "type": "address"
      }
    ],
    "stateMutability": "view",
    "type": "function"
  },
  {
    "inputs": [],
    "name": "MAX",
    "outputs": [
      {
        "internalType": "uint256",
        "name": "",
        "type": "uint256"
      }
    ],
    "stateMutability": "view",
    "type": "function"
  },
  {
    "inputs": [
      {
        "internalType": "address",
        "name": "treasuryContractParam",
        "type": "address"
      }
    ],
    "name": "__KittyPartyYieldGeneratorAave_init",
    "outputs": [],
    "stateMutability": "nonpayable",
    "type": "function"
  },
  {
    "inputs": [
      {
        "internalType": "bytes",
        "name": "",
        "type": "bytes"
      }
    ],
    "name": "createLockedValue",
    "outputs": [
      {
        "internalType": "uint256",
        "name": "vaultTokensRec",
        "type": "uint256"
      }
    ],
    "stateMutability": "payable",
    "type": "function"
  },
  {
    "inputs": [
      {
        "internalType": "address",
        "name": "",
        "type": "address"
      }
    ],
    "name": "kittyPartyYieldInfo",
    "outputs": [
      {
        "internalType": "uint256",
        "name": "lockedAmount",
        "type": "uint256"
      },
      {
        "internalType": "uint256",
        "name": "yieldGeneratedInLastRound",
        "type": "uint256"
      },
      {
        "internalType": "address",
        "name": "sellTokenAddress",
        "type": "address"
      },
      {
        "internalType": "address",
        "name": "poolAddress",
        "type": "address"
      },
      {
        "internalType": "address",
        "name": "lpTokenAddress",
        "type": "address"
      }
    ],
    "stateMutability": "view",
    "type": "function"
  },
  {
    "inputs": [
      {
        "internalType": "address",
        "name": "kittyParty",
        "type": "address"
      }
    ],
    "name": "lockedAmount",
    "outputs": [
      {
        "internalType": "uint256",
        "name": "totalLockedValue",
        "type": "uint256"
      }
    ],
    "stateMutability": "view",
    "type": "function"
  },
  {
    "inputs": [
      {
        "internalType": "address",
        "name": "kittyParty",
        "type": "address"
      }
    ],
    "name": "lockedPool",
    "outputs": [
      {
        "internalType": "address",
        "name": "",
        "type": "address"
      }
    ],
    "stateMutability": "view",
    "type": "function"
  },
  {
    "inputs": [],
    "name": "owner",
    "outputs": [
      {
        "internalType": "address",
        "name": "",
        "type": "address"
      }
    ],
    "stateMutability": "view",
    "type": "function"
  },
  {
    "inputs": [],
    "name": "renounceOwnership",
    "outputs": [],
    "stateMutability": "nonpayable",
    "type": "function"
  },
  {
    "inputs": [],
    "name": "rewardTokenAddress",
    "outputs": [
      {
        "internalType": "address",
        "name": "",
        "type": "address"
      }
    ],
    "stateMutability": "view",
    "type": "function"
  },
  {
    "inputs": [
      {
        "internalType": "address",
        "name": "_kittyParty",
        "type": "address"
      }
    ],
    "name": "setAllowanceDeposit",
    "outputs": [],
    "stateMutability": "nonpayable",
    "type": "function"
  },
  {
    "inputs": [
      {
        "internalType": "address",
        "name": "_kittyParty",
        "type": "address"
      }
    ],
    "name": "setAllowanceWithdraw",
    "outputs": [],
    "stateMutability": "nonpayable",
    "type": "function"
  },
  {
    "inputs": [
      {
        "internalType": "address",
        "name": "_sellTokenAddress",
        "type": "address"
      },
      {
        "internalType": "address",
        "name": "_lpTokenAddress",
        "type": "address"
      }
    ],
    "name": "setPartyInfo",
    "outputs": [],
    "stateMutability": "nonpayable",
    "type": "function"
  },
  {
    "inputs": [
      {
        "internalType": "address payable",
        "name": "_AaveContract",
        "type": "address"
      }
    ],
    "name": "setPlatformDepositContractAddress",
    "outputs": [],
    "stateMutability": "nonpayable",
    "type": "function"
  },
  {
    "inputs": [
      {
        "internalType": "address payable",
        "name": "_AaveRewardContract",
        "type": "address"
      },
      {
        "internalType": "address",
        "name": "_rewardTokenAddress",
        "type": "address"
      }
    ],
    "name": "setPlatformRewardContractAddress",
    "outputs": [],
    "stateMutability": "nonpayable",
    "type": "function"
  },
  {
    "inputs": [
      {
        "internalType": "address payable",
        "name": "",
        "type": "address"
      }
    ],
    "name": "setPlatformWithdrawContractAddress",
    "outputs": [],
    "stateMutability": "nonpayable",
    "type": "function"
  },
  {
    "inputs": [],
    "name": "totalLocked",
    "outputs": [
      {
        "internalType": "uint256",
        "name": "",
        "type": "uint256"
      }
    ],
    "stateMutability": "view",
    "type": "function"
  },
  {
    "inputs": [
      {
        "internalType": "address",
        "name": "newOwner",
        "type": "address"
      }
    ],
    "name": "transferOwnership",
    "outputs": [],
    "stateMutability": "nonpayable",
    "type": "function"
  },
  {
    "inputs": [],
    "name": "treasuryAddress",
    "outputs": [
      {
        "internalType": "address",
        "name": "treasuryContractAddress",
        "type": "address"
      }
    ],
    "stateMutability": "view",
    "type": "function"
  },
  {
    "inputs": [
      {
        "internalType": "bytes",
        "name": "",
        "type": "bytes"
      }
    ],
    "name": "unwindLockedValue",
    "outputs": [
      {
        "internalType": "uint256",
        "name": "tokensRec",
        "type": "uint256"
      }
    ],
    "stateMutability": "nonpayable",
    "type": "function"
  },
  {
    "inputs": [
      {
        "internalType": "contract IERC20Upgradeable",
        "name": "token",
        "type": "address"
      },
      {
        "internalType": "address",
        "name": "recipient",
        "type": "address"
      },
      {
        "internalType": "uint256",
        "name": "amount",
        "type": "uint256"
      }
    ],
    "name": "withdraw",
    "outputs": [],
    "stateMutability": "nonpayable",
    "type": "function"
  },
  {
    "inputs": [
      {
        "internalType": "address",
        "name": "kittyParty",
        "type": "address"
      }
    ],
    "name": "yieldCurrent",
    "outputs": [
      {
        "internalType": "uint256",
        "name": "yieldToBeGeneratedInCurrentRound",
        "type": "uint256"
      }
    ],
    "stateMutability": "view",
    "type": "function"
  },
  {
    "inputs": [
      {
        "internalType": "address",
        "name": "kittyParty",
        "type": "address"
      }
    ],
    "name": "yieldGenerated",
    "outputs": [
      {
        "internalType": "uint256",
        "name": "",
        "type": "uint256"
      }
    ],
    "stateMutability": "view",
    "type": "function"
  }
]
