[
  {
    "anonymous": false,
    "inputs": [],
    "name": "Completed",
    "type": "event"
  },
  {
    "anonymous": false,
    "inputs": [
      {
        "indexed": false,
        "internalType": "uint256",
        "name": "amount",
        "type": "uint256"
      }
    ],
    "name": "KittenDeposited",
    "type": "event"
  },
  {
    "anonymous": false,
    "inputs": [
      {
        "indexed": false,
        "internalType": "uint256",
        "name": "amount",
        "type": "uint256"
      }
    ],
    "name": "KreatorStaked",
    "type": "event"
  },
  {
    "anonymous": false,
    "inputs": [
      {
        "indexed": false,
        "internalType": "address",
        "name": "party",
        "type": "address"
      },
      {
        "indexed": false,
        "internalType": "uint256",
        "name": "fees",
        "type": "uint256"
      }
    ],
    "name": "PaidFees",
    "type": "event"
  },
  {
    "anonymous": false,
    "inputs": [
      {
        "indexed": false,
        "internalType": "address",
        "name": "party",
        "type": "address"
      },
      {
        "indexed": false,
        "internalType": "uint256",
        "name": "internalState",
        "type": "uint256"
      }
    ],
    "name": "PartyCompleted",
    "type": "event"
  },
  {
    "anonymous": false,
    "inputs": [
      {
        "indexed": false,
        "internalType": "uint256",
        "name": "refund",
        "type": "uint256"
      }
    ],
    "name": "RefundRequested",
    "type": "event"
  },
  {
    "anonymous": false,
    "inputs": [
      {
        "indexed": false,
        "internalType": "address",
        "name": "party",
        "type": "address"
      },
      {
        "indexed": false,
        "internalType": "uint256",
        "name": "prevStage",
        "type": "uint256"
      },
      {
        "indexed": false,
        "internalType": "uint256",
        "name": "nextStage",
        "type": "uint256"
      }
    ],
    "name": "StageTransition",
    "type": "event"
  },
  {
    "anonymous": false,
    "inputs": [
      {
        "indexed": false,
        "internalType": "address",
        "name": "party",
        "type": "address"
      },
      {
        "indexed": false,
        "internalType": "uint256",
        "name": "amount",
        "type": "uint256"
      }
    ],
    "name": "StopStaking",
    "type": "event"
  },
  {
    "anonymous": false,
    "inputs": [
      {
        "indexed": false,
        "internalType": "address",
        "name": "party",
        "type": "address"
      },
      {
        "indexed": false,
        "internalType": "uint256[]",
        "name": "winners",
        "type": "uint256[]"
      }
    ],
    "name": "WinnersDecided",
    "type": "event"
  },
  {
    "inputs": [],
    "name": "addRoundDeposits",
    "outputs": [
      {
        "internalType": "bool",
        "name": "",
        "type": "bool"
      }
    ],
    "stateMutability": "nonpayable",
    "type": "function"
  },
  {
    "inputs": [],
    "name": "applyCompleteParty",
    "outputs": [],
    "stateMutability": "nonpayable",
    "type": "function"
  },
  {
    "inputs": [],
    "name": "applyInitialVerification",
    "outputs": [],
    "stateMutability": "nonpayable",
    "type": "function"
  },
  {
    "inputs": [],
    "name": "applyWinnerStrategy",
    "outputs": [],
    "stateMutability": "nonpayable",
    "type": "function"
  },
  {
    "inputs": [],
    "name": "callDataForUnwind",
    "outputs": [
      {
        "internalType": "bytes",
        "name": "",
        "type": "bytes"
      }
    ],
    "stateMutability": "view",
    "type": "function"
  },
  {
    "inputs": [],
    "name": "calldataForLock",
    "outputs": [
      {
        "internalType": "bytes",
        "name": "",
        "type": "bytes"
      }
    ],
    "stateMutability": "view",
    "type": "function"
  },
  {
    "inputs": [],
    "name": "changeState",
    "outputs": [
      {
        "internalType": "bool",
        "name": "success",
        "type": "bool"
      }
    ],
    "stateMutability": "nonpayable",
    "type": "function"
  },
  {
    "inputs": [],
    "name": "currentRound",
    "outputs": [
      {
        "internalType": "uint8",
        "name": "",
        "type": "uint8"
      }
    ],
    "stateMutability": "view",
    "type": "function"
  },
  {
    "inputs": [],
    "name": "dai",
    "outputs": [
      {
        "internalType": "contract IERC20",
        "name": "",
        "type": "address"
      }
    ],
    "stateMutability": "view",
    "type": "function"
  },
  {
    "inputs": [
      {
        "internalType": "bytes32",
        "name": "_inviteHash",
        "type": "bytes32"
      }
    ],
    "name": "depositAndAddKittenToParty",
    "outputs": [
      {
        "internalType": "bool",
        "name": "",
        "type": "bool"
      }
    ],
    "stateMutability": "nonpayable",
    "type": "function"
  },
  {
    "inputs": [],
    "name": "durationInDays",
    "outputs": [
      {
        "internalType": "uint16",
        "name": "",
        "type": "uint16"
      }
    ],
    "stateMutability": "view",
    "type": "function"
  },
  {
    "inputs": [],
    "name": "getStage",
    "outputs": [
      {
        "internalType": "uint256",
        "name": "",
        "type": "uint256"
      }
    ],
    "stateMutability": "view",
    "type": "function"
  },
  {
    "inputs": [
      {
        "components": [
          {
            "internalType": "uint8",
            "name": "kreatorFeesInBasisPoints",
            "type": "uint8"
          },
          {
            "internalType": "uint8",
            "name": "daoFeesInBasisPoints",
            "type": "uint8"
          },
          {
            "internalType": "uint8",
            "name": "winningStrategy",
            "type": "uint8"
          },
          {
            "internalType": "uint8",
            "name": "timeToCollection",
            "type": "uint8"
          },
          {
            "internalType": "uint16",
            "name": "maxKittens",
            "type": "uint16"
          },
          {
            "internalType": "uint16",
            "name": "durationInDays",
            "type": "uint16"
          },
          {
            "internalType": "uint256",
            "name": "amountInDAIPerRound",
            "type": "uint256"
          },
          {
            "internalType": "bytes32",
            "name": "partyName",
            "type": "bytes32"
          },
          {
            "internalType": "address",
            "name": "daiAddress",
            "type": "address"
          },
          {
            "internalType": "address",
            "name": "yieldContract",
            "type": "address"
          },
          {
            "internalType": "address",
            "name": "winnerStrategy",
            "type": "address"
          }
        ],
        "internalType": "struct IKittenPartyInit.KittyInitiator",
        "name": "_kittyInitiator",
        "type": "tuple"
      },
      {
        "components": [
          {
            "internalType": "address",
            "name": "sellTokenAddress",
            "type": "address"
          },
          {
            "internalType": "address",
            "name": "lpTokenAddress",
            "type": "address"
          }
        ],
        "internalType": "struct IKittenPartyInit.KittyYieldArgs",
        "name": "_kittyYieldArgs",
        "type": "tuple"
      },
      {
        "components": [
          {
            "internalType": "address",
            "name": "tomCatContract",
            "type": "address"
          },
          {
            "internalType": "address",
            "name": "accountantContract",
            "type": "address"
          },
          {
            "internalType": "address",
            "name": "litterAddress",
            "type": "address"
          },
          {
            "internalType": "address",
            "name": "daoTreasuryContract",
            "type": "address"
          },
          {
            "internalType": "address",
            "name": "keeperContractAddress",
            "type": "address"
          }
        ],
        "internalType": "struct IKittenPartyInit.KittyPartyFactoryArgs",
        "name": "_kPFactory",
        "type": "tuple"
      },
      {
        "internalType": "address",
        "name": "_kreator",
        "type": "address"
      },
      {
        "internalType": "uint256",
        "name": "_kreatorStake",
        "type": "uint256"
      }
    ],
    "name": "initialize",
    "outputs": [],
    "stateMutability": "nonpayable",
    "type": "function"
  },
  {
    "inputs": [],
    "name": "isTransitionRequired",
    "outputs": [
      {
        "internalType": "uint8",
        "name": "",
        "type": "uint8"
      }
    ],
    "stateMutability": "view",
    "type": "function"
  },
  {
    "inputs": [],
    "name": "issueRefund",
    "outputs": [],
    "stateMutability": "nonpayable",
    "type": "function"
  },
  {
    "inputs": [],
    "name": "kPFactory",
    "outputs": [
      {
        "internalType": "address",
        "name": "tomCatContract",
        "type": "address"
      },
      {
        "internalType": "address",
        "name": "accountantContract",
        "type": "address"
      },
      {
        "internalType": "address",
        "name": "litterAddress",
        "type": "address"
      },
      {
        "internalType": "address",
        "name": "daoTreasuryContract",
        "type": "address"
      },
      {
        "internalType": "address",
        "name": "keeperContractAddress",
        "type": "address"
      }
    ],
    "stateMutability": "view",
    "type": "function"
  },
  {
    "inputs": [],
    "name": "kittyInitiator",
    "outputs": [
      {
        "internalType": "uint8",
        "name": "kreatorFeesInBasisPoints",
        "type": "uint8"
      },
      {
        "internalType": "uint8",
        "name": "daoFeesInBasisPoints",
        "type": "uint8"
      },
      {
        "internalType": "uint8",
        "name": "winningStrategy",
        "type": "uint8"
      },
      {
        "internalType": "uint8",
        "name": "timeToCollection",
        "type": "uint8"
      },
      {
        "internalType": "uint16",
        "name": "maxKittens",
        "type": "uint16"
      },
      {
        "internalType": "uint16",
        "name": "durationInDays",
        "type": "uint16"
      },
      {
        "internalType": "uint256",
        "name": "amountInDAIPerRound",
        "type": "uint256"
      },
      {
        "internalType": "bytes32",
        "name": "partyName",
        "type": "bytes32"
      },
      {
        "internalType": "address",
        "name": "daiAddress",
        "type": "address"
      },
      {
        "internalType": "address",
        "name": "yieldContract",
        "type": "address"
      },
      {
        "internalType": "address",
        "name": "winnerStrategy",
        "type": "address"
      }
    ],
    "stateMutability": "view",
    "type": "function"
  },
  {
    "inputs": [],
    "name": "kittyPartyControllerVars",
    "outputs": [
      {
        "internalType": "address",
        "name": "kreator",
        "type": "address"
      },
      {
        "internalType": "uint256",
        "name": "kreatorStake",
        "type": "uint256"
      },
      {
        "internalType": "uint256",
        "name": "profit",
        "type": "uint256"
      },
      {
        "internalType": "uint256",
        "name": "profitToSplit",
        "type": "uint256"
      },
      {
        "internalType": "uint8",
        "name": "localKittens",
        "type": "uint8"
      },
      {
        "internalType": "uint8",
        "name": "internalState",
        "type": "uint8"
      }
    ],
    "stateMutability": "view",
    "type": "function"
  },
  {
    "inputs": [],
    "name": "lastStageTime",
    "outputs": [
      {
        "internalType": "uint256",
        "name": "",
        "type": "uint256"
      }
    ],
    "stateMutability": "view",
    "type": "function"
  },
  {
    "inputs": [],
    "name": "numberOfRounds",
    "outputs": [
      {
        "internalType": "uint16",
        "name": "",
        "type": "uint16"
      }
    ],
    "stateMutability": "view",
    "type": "function"
  },
  {
    "inputs": [
      {
        "internalType": "uint256",
        "name": "",
        "type": "uint256"
      }
    ],
    "name": "partyRoundKittens",
    "outputs": [
      {
        "internalType": "uint256",
        "name": "",
        "type": "uint256"
      }
    ],
    "stateMutability": "view",
    "type": "function"
  },
  {
    "inputs": [],
    "name": "payOrganizerFees",
    "outputs": [],
    "stateMutability": "nonpayable",
    "type": "function"
  },
  {
    "inputs": [
      {
        "internalType": "uint8",
        "name": "_timeToCollection",
        "type": "uint8"
      }
    ],
    "name": "setActivityInterval",
    "outputs": [],
    "stateMutability": "nonpayable",
    "type": "function"
  },
  {
    "inputs": [
      {
        "internalType": "bytes",
        "name": "_calldataForLock",
        "type": "bytes"
      },
      {
        "internalType": "bytes",
        "name": "_callDataForUnwind",
        "type": "bytes"
      }
    ],
    "name": "setCallDataForYield",
    "outputs": [],
    "stateMutability": "nonpayable",
    "type": "function"
  },
  {
    "inputs": [
      {
        "internalType": "bytes32",
        "name": "_inviteHash",
        "type": "bytes32"
      }
    ],
    "name": "setInviteHash",
    "outputs": [],
    "stateMutability": "nonpayable",
    "type": "function"
  },
  {
    "inputs": [],
    "name": "stage",
    "outputs": [
      {
        "internalType": "enum KittyPartyStateTransition.KittyPartyStages",
        "name": "",
        "type": "uint8"
      }
    ],
    "stateMutability": "view",
    "type": "function"
  },
  {
    "inputs": [],
    "name": "startNextRound",
    "outputs": [],
    "stateMutability": "nonpayable",
    "type": "function"
  },
  {
    "inputs": [],
    "name": "startStakingMultiRound",
    "outputs": [],
    "stateMutability": "nonpayable",
    "type": "function"
  },
  {
    "inputs": [],
    "name": "stopStaking",
    "outputs": [],
    "stateMutability": "nonpayable",
    "type": "function"
  },
  {
    "inputs": [],
    "name": "timeSinceChange",
    "outputs": [
      {
        "internalType": "uint256",
        "name": "",
        "type": "uint256"
      }
    ],
    "stateMutability": "view",
    "type": "function"
  },
  {
    "inputs": [],
    "name": "timeToCollection",
    "outputs": [
      {
        "internalType": "uint8",
        "name": "",
        "type": "uint8"
      }
    ],
    "stateMutability": "view",
    "type": "function"
  }
]
