[
  {
    "anonymous": false,
    "inputs": [
      {
        "indexed": false,
        "internalType": "address",
        "name": "kittyparty",
        "type": "address"
      },
      {
        "indexed": false,
        "internalType": "uint256",
        "name": "amountPerRound",
        "type": "uint256"
      }
    ],
    "name": "KittyPartyReadyToYield",
    "type": "event"
  },
  {
    "anonymous": false,
    "inputs": [
      {
        "indexed": true,
        "internalType": "address",
        "name": "previousOwner",
        "type": "address"
      },
      {
        "indexed": true,
        "internalType": "address",
        "name": "newOwner",
        "type": "address"
      }
    ],
    "name": "OwnershipTransferred",
    "type": "event"
  },
  {
    "inputs": [],
    "name": "MASK",
    "outputs": [
      {
        "internalType": "uint256",
        "name": "",
        "type": "uint256"
      }
    ],
    "stateMutability": "view",
    "type": "function"
  },
  {
    "inputs": [],
    "name": "ZapInContract",
    "outputs": [
      {
        "internalType": "address payable",
        "name": "",
        "type": "address"
      }
    ],
    "stateMutability": "view",
    "type": "function"
  },
  {
    "inputs": [],
    "name": "ZapOutContract",
    "outputs": [
      {
        "internalType": "address payable",
        "name": "",
        "type": "address"
      }
    ],
    "stateMutability": "view",
    "type": "function"
  },
  {
    "inputs": [
      {
        "internalType": "address",
        "name": "treasuryContractParam",
        "type": "address"
      }
    ],
    "name": "__KittyPartyYieldGeneratorZapper_init",
    "outputs": [],
    "stateMutability": "nonpayable",
    "type": "function"
  },
  {
    "inputs": [
      {
        "internalType": "bytes",
        "name": "zapCallData",
        "type": "bytes"
      }
    ],
    "name": "createLockedValue",
    "outputs": [
      {
        "internalType": "uint256",
        "name": "vaultTokensRec",
        "type": "uint256"
      }
    ],
    "stateMutability": "payable",
    "type": "function"
  },
  {
    "inputs": [
      {
        "internalType": "address",
        "name": "",
        "type": "address"
      }
    ],
    "name": "kittyPartyYieldInfo",
    "outputs": [
      {
        "internalType": "uint256",
        "name": "lockedAmount",
        "type": "uint256"
      },
      {
        "internalType": "uint256",
        "name": "yieldGeneratedInLastRound",
        "type": "uint256"
      },
      {
        "internalType": "address",
        "name": "sellTokenAddress",
        "type": "address"
      },
      {
        "internalType": "address",
        "name": "poolAddress",
        "type": "address"
      },
      {
        "internalType": "address",
        "name": "lpTokenAddress",
        "type": "address"
      }
    ],
    "stateMutability": "view",
    "type": "function"
  },
  {
    "inputs": [
      {
        "internalType": "address",
        "name": "kittyParty",
        "type": "address"
      }
    ],
    "name": "lockedAmount",
    "outputs": [
      {
        "internalType": "uint256",
        "name": "totalLockedValue",
        "type": "uint256"
      }
    ],
    "stateMutability": "view",
    "type": "function"
  },
  {
    "inputs": [
      {
        "internalType": "address",
        "name": "kittyParty",
        "type": "address"
      }
    ],
    "name": "lockedPool",
    "outputs": [
      {
        "internalType": "address",
        "name": "",
        "type": "address"
      }
    ],
    "stateMutability": "view",
    "type": "function"
  },
  {
    "inputs": [],
    "name": "owner",
    "outputs": [
      {
        "internalType": "address",
        "name": "",
        "type": "address"
      }
    ],
    "stateMutability": "view",
    "type": "function"
  },
  {
    "inputs": [],
    "name": "renounceOwnership",
    "outputs": [],
    "stateMutability": "nonpayable",
    "type": "function"
  },
  {
    "inputs": [],
    "name": "setAllowanceZapIn",
    "outputs": [],
    "stateMutability": "nonpayable",
    "type": "function"
  },
  {
    "inputs": [],
    "name": "setAllowanceZapOut",
    "outputs": [],
    "stateMutability": "nonpayable",
    "type": "function"
  },
  {
    "inputs": [
      {
        "internalType": "address",
        "name": "_sellTokenAddress",
        "type": "address"
      },
      {
        "internalType": "address",
        "name": "_lpTokenAddress",
        "type": "address"
      }
    ],
    "name": "setPartyInfo",
    "outputs": [],
    "stateMutability": "nonpayable",
    "type": "function"
  },
  {
    "inputs": [
      {
        "internalType": "address payable",
        "name": "_zapInContract",
        "type": "address"
      }
    ],
    "name": "setPlatformDepositContractAddress",
    "outputs": [],
    "stateMutability": "nonpayable",
    "type": "function"
  },
  {
    "inputs": [
      {
        "internalType": "address payable",
        "name": "",
        "type": "address"
      },
      {
        "internalType": "address",
        "name": "",
        "type": "address"
      }
    ],
    "name": "setPlatformRewardContractAddress",
    "outputs": [],
    "stateMutability": "nonpayable",
    "type": "function"
  },
  {
    "inputs": [
      {
        "internalType": "address payable",
        "name": "_zapOutContract",
        "type": "address"
      }
    ],
    "name": "setPlatformWithdrawContractAddress",
    "outputs": [],
    "stateMutability": "nonpayable",
    "type": "function"
  },
  {
    "inputs": [
      {
        "internalType": "address",
        "name": "newOwner",
        "type": "address"
      }
    ],
    "name": "transferOwnership",
    "outputs": [],
    "stateMutability": "nonpayable",
    "type": "function"
  },
  {
    "inputs": [],
    "name": "treasuryAddress",
    "outputs": [
      {
        "internalType": "address",
        "name": "treasuryContractAddress",
        "type": "address"
      }
    ],
    "stateMutability": "view",
    "type": "function"
  },
  {
    "inputs": [
      {
        "internalType": "bytes",
        "name": "zapCallData",
        "type": "bytes"
      }
    ],
    "name": "unwindLockedValue",
    "outputs": [
      {
        "internalType": "uint256",
        "name": "tokensRec",
        "type": "uint256"
      }
    ],
    "stateMutability": "nonpayable",
    "type": "function"
  },
  {
    "inputs": [
      {
        "internalType": "contract IERC20Upgradeable",
        "name": "token",
        "type": "address"
      },
      {
        "internalType": "address",
        "name": "recipient",
        "type": "address"
      },
      {
        "internalType": "uint256",
        "name": "amount",
        "type": "uint256"
      }
    ],
    "name": "withdraw",
    "outputs": [],
    "stateMutability": "nonpayable",
    "type": "function"
  },
  {
    "inputs": [
      {
        "internalType": "address",
        "name": "kittyParty",
        "type": "address"
      }
    ],
    "name": "yieldGenerated",
    "outputs": [
      {
        "internalType": "uint256",
        "name": "yieldGeneratedInLastRound",
        "type": "uint256"
      }
    ],
    "stateMutability": "view",
    "type": "function"
  }
]
